{
  "build": {
    "name": "tw_bot",
    "version": "1.6",
    "author": "stefan2200"
  },
  "server": {
    "server": "nlc1",
    "endpoint": "https://nlc1.tribalwars.nl/game.php",
    "server_on_twplus": false
  },
  "reporting": {
    "enabled": false,
    "connection_string": "file://cache/logs/twb_{ts}.log"
  },
  "bot": {
    "active_hours": "6-23",
    "delay_factor": 1.0,
    "active_delay": 200,
    "inactive_still_active": true,
    "inactive_delay": 2000,
    "add_new_villages": true,
    "village_name_template": "Village {num}",
    "village_name_number_length": 3,
    "auto_set_village_names": false,
    "user_agent": null
  },
  "building": {
    "manage_buildings": true,
    "default": "purple_predator",
    "max_lookahead": 2,
    "max_queued_items": 2
  },
  "units": {
    "recruit": true,
    "upgrade": true,
    "default": "basic",
    "batch_size": 25,
    "manage_defence": false,
    "remove_manual_queued": false,
    "randomize_unit_queue": true
  },
  "village_template": {
    "building": "purple_predator",
    "units": "basic",
    "managed": true,
    "scout_first": false,
    "additional_farms": [],
    "prioritize_building": false,
    "prioritize_snob": false,
    "trade_for_premium": false,
    "gather_enabled": false,
    "gather_selection": 1,
    "advanced_gather": true,
    "snobs": 0,
    "evacuate_fragile_units_on_attack": false,
    "support_others": false,
    "support_others_factor": 0.25,
    "support_others_max_villages": 2,
    "request_support_on_attack": false
  },
  "farms": {
    "farm": true,
    "min_points": 0,
    "max_points": 50,
    "find_player_owned": false,
    "search_radius": 100,
    "default_away_time": 3600,
    "full_loot_away_time": 1800,
    "low_loot_away_time": 7200,
    "max_farms": 25,
    "attack_higher_points": false,
    "force_scout_if_available": true,
    "forced_peace_times": []
  },
  "market": {
    "auto_trade": true,
    "max_trade_duration": 1,
    "auto_remove": true,
    "trade_multiplier": true,
    "trade_multiplier_value": 1.0,
    "trade_max_per_hour": 1
  },
  "world": {
    "knight_enabled": null,
    "flags_enabled": null,
    "quests_enabled": null,
    "trade_for_premium": false,
    "archers_enabled": true,
    "building_destruction_enabled": true,
    "boosters_enabled": null
  },
  "villages": {

  }
}